<?xml version="1.0" encoding="UTF-8" ?>
<!DOCTYPE mapper PUBLIC "-//mybatis.org//DTD Mapper 3.0//EN" "http://mybatis.org/dtd/mybatis-3-mapper.dtd" >
<mapper namespace="com.wyait.manage.dao.DeptMapper">
	<resultMap id="BaseResultMap" type="com.wyait.manage.pojo.Dept">
		<id column="id" jdbcType="INTEGER" property="id" />
		<result column="name" jdbcType="VARCHAR" property="name" />
		<result column="deptTel" jdbcType="INTEGER" property="deptTel" />
		<result column="introduce" jdbcType="VARCHAR" property="introduce" />
		<result column="version" jdbcType="INTEGER" property="version" />
	</resultMap>
	<sql id="Base_Column_List">
		id, name, deptTel,introduce,version
	</sql>
	<select id="selectByPrimaryKey" parameterType="java.lang.Integer"
			resultMap="BaseResultMap">
		select *
		from dept
		where id = #{id,jdbcType=INTEGER}
	</select>
	<delete id="deleteByPrimaryKey" parameterType="java.lang.Integer">
		delete from dept
		where id = #{id,jdbcType=INTEGER}
	</delete>
	<insert id="insertSelective" parameterType="com.wyait.manage.pojo.Dept">
		insert into dept
		<trim prefix="(" suffix=")" suffixOverrides=",">
			<if test="id != null">
				id,
			</if>
			<if test="name != null">
				name,
			</if>
			<if test="deptTel != null">
				deptTel,
			</if>
			<if test="introduce != null">
				introduce,
			</if>
			<if test="version != null">
				version,
			</if>
		</trim>
		<trim prefix="values (" suffix=")" suffixOverrides=",">
			<if test="id != null">
				#{id,jdbcType=INTEGER},
			</if>
			<if test="name != null">
				#{name,jdbcType=VARCHAR},
			</if>
			<if test="deptTel != null">
				#{deptTel,jdbcType=INTEGER},
			</if>
			<if test="introduce != null">
				#{introduce,jdbcType=VARCHAR},
			</if>
			<if test="version != null">
				#{version,jdbcType=INTEGER},
			</if>
		</trim>
	</insert>
	<update id="updateByPrimaryKey" parameterType="com.wyait.manage.pojo.Dept">
		update dept
		set
		name = #{name,jdbcType=VARCHAR},
		deptTel = #{deptTel,jdbcType=INTEGER},
		introduce = #{introduce,jdbcType=VARCHAR},
		version = #{version,jdbcType=INTEGER},
		where id = #{id,jdbcType=INTEGER}
	</update>


	<insert id="insert" useGeneratedKeys="true" keyProperty="id"
			parameterType="com.wyait.manage.pojo.Dept">
		insert into dept
		values (null,#{name,jdbcType=VARCHAR},
		#{deptTel,jdbcType=INTEGER},
		#{introduce,jdbcType=VARCHAR},
		0
		)
	</insert>
	<update id="updateByPrimaryKeySelective" parameterType="com.wyait.manage.pojo.Dept">
		update dept
		<set>
			<if test="name != null">
				name = #{name,jdbcType=VARCHAR},
			</if>
			<if test="deptTel != null">
				deptTel = #{deptTel,jdbcType=INTEGER},
			</if>
			<if test="introduce != null">
				introduce = #{introduce,jdbcType=VARCHAR},
			</if>
			version = #{version,jdbcType=INTEGER}+1
		</set>
		where id = #{id,jdbcType=INTEGER}
	</update>
	<!--=Start getUsers 分页查询用户列表userSearch -->
	<select id="getdept" resultType="com.wyait.manage.entity.DeptRoleDTO">
		select * from dept
		<where>
			<if test="deptSearch.uname!=null and deptSearch.uname!=''">
				AND name like CONCAT(CONCAT('%',#{deptSearch.uname}),
				'%')
			</if>
			<if test="deptSearch.udeptTel!=null and deptSearch.udeptTel!=''">
				AND deptTel = #{deptSearch.udeptTel}
			</if>
		</where>
	</select>
	<!--=End getUsers 分页查询用户列表 -->


	<!--=Start setJobUser 设置用户是否离职 -->

	<!--=Start setDelUser 删除用户 -->

	<delete id="setDeldept">
		delete from dept where id=#{id,jdbcType=INTEGER}
	</delete>
	<!--=Start setDelUser 删除用户 -->



	<!--=Start findUser 根据岗位名和密码查找用户 -->
	<select id="finddept" resultType="com.wyait.manage.pojo.Dept">
		select
		id, name, deptTel,
		introduce, version
		from dept
		WHERE name=#{name}

	</select>
	<!--=End findUser 根据岗位名和查找用户 -->
	<!--=Start findUserByMobile 根据部门编号获取用户数据 -->
	<select id="finddeptBydept" resultType="com.wyait.manage.pojo.Dept">
		select
		id, name, deptTel,
		introduce, version
		from dept
		where deptTel=#{deptTel}
	</select>
	<!--=End findUserByMobile 根据部门编号查找用户 -->
	<!--=Start findUserByName 根据岗位名获取用户数据 -->
	<select id="finddeptByname" resultType="com.wyait.manage.pojo.Dept">
		select *
		from dept
		where name=#{name}
	</select>
	<select id="getdeptAndRoles" resultType="com.wyait.manage.entity.DeptRolesVO">
	 	select *
		from dept
		where id=#{id}
	</select>
</mapper>