<?xml version="1.0" encoding="UTF-8" ?>
<!DOCTYPE mapper PUBLIC "-//mybatis.org//DTD Mapper 3.0//EN" "http://mybatis.org/dtd/mybatis-3-mapper.dtd" >
<mapper namespace="com.wyait.manage.dao.QuartersMapper">
	<resultMap id="BaseResultMap" type="com.wyait.manage.pojo.Quarters">
		<id column="id" jdbcType="INTEGER" property="id" />
		<result column="name" jdbcType="VARCHAR" property="name" />
		<result column="deptno" jdbcType="INTEGER" property="deptno" />
		<result column="introduce" jdbcType="VARCHAR" property="introduce" />
		<result column="version" jdbcType="INTEGER" property="version" />
	</resultMap>
	<sql id="Base_Column_List">
		id, name, deptno,introduce,version
	</sql>
	<select id="selectByPrimaryKey" parameterType="java.lang.Integer"
		resultMap="BaseResultMap">
		select *
		from quarters
		where id = #{id,jdbcType=INTEGER}
	</select>
	<delete id="deleteByPrimaryKey" parameterType="java.lang.Integer">
		delete from quarters
		where id = #{id,jdbcType=INTEGER}
	</delete>
	<insert id="insertSelective" parameterType="com.wyait.manage.pojo.Quarters">
		insert into quarters
		<trim prefix="(" suffix=")" suffixOverrides=",">
			<if test="id != null">
				id,
			</if>
			<if test="name != null">
				name,
			</if>
			<if test="deptno != null">
				deptno,
			</if>
			<if test="introduce != null">
			introduce,
			</if>
			<if test="version != null">
				version,
			</if>
		</trim>
		<trim prefix="values (" suffix=")" suffixOverrides=",">
			<if test="id != null">
				#{id,jdbcType=INTEGER},
			</if>
			<if test="name != null">
				#{name,jdbcType=VARCHAR},
			</if>
			<if test="deptno != null">
				#{deptno,jdbcType=INTEGER},
			</if>
			<if test="introduce != null">
				#{introduce,jdbcType=VARCHAR},
			</if>
			<if test="version != null">
				#{version,jdbcType=INTEGER},
			</if>
		</trim>
	</insert>
	<update id="updateByPrimaryKey" parameterType="com.wyait.manage.pojo.Quarters">
		update quarters
		set
		name = #{name,jdbcType=VARCHAR},
		deptno = #{deptno,jdbcType=INTEGER},
		introduce = #{introduce,jdbcType=VARCHAR},
		version = #{version,jdbcType=INTEGER},
		where id = #{id,jdbcType=INTEGER}
	</update>


	<insert id="insert" useGeneratedKeys="true" keyProperty="id"
		parameterType="com.wyait.manage.pojo.Quarters">
		insert into quarters 
		values (null,#{name,jdbcType=VARCHAR},
		#{deptno,jdbcType=INTEGER},
		#{introduce,jdbcType=VARCHAR},
		0
		)
	</insert>
	<update id="updateByPrimaryKeySelective" parameterType="com.wyait.manage.pojo.Quarters">
		update quarters
		<set>
			<if test="name != null">
				name = #{name,jdbcType=VARCHAR},
			</if>
			<if test="deptno != null">
				deptno = #{deptno,jdbcType=INTEGER},
			</if>
			<if test="introduce != null">
				introduce = #{introduce,jdbcType=VARCHAR},
			</if>
			version = #{version,jdbcType=INTEGER}+1
		</set>
		where id = #{id,jdbcType=INTEGER}
	</update>
	<!--=Start getUsers 分页查询用户列表userSearch -->
	<select id="getquarters" resultType="com.wyait.manage.entity.QuartersRoleDTO">
		select * from quarters 
		<where>
			<if test="quartersSearch.name!=null and quartersSearch.name!=''">
				AND name like CONCAT(CONCAT('%',#{quartersSearch.name}),
				'%')
			</if>
			<if test="quartersSearch.deptno!=null and quartersSearch.deptno!=''">
				AND deptno = #{quartersSearch.deptno}
			</if>
		</where>
	</select>
	<!--=End getUsers 分页查询用户列表 -->

	
	<!--=Start setJobUser 设置用户是否离职 -->

	<!--=Start setDelUser 删除用户 -->

	<delete id="setDelquarters">
		delete from quarters where id=#{id,jdbcType=INTEGER}
	</delete>
	<!--=Start setDelUser 删除用户 -->

	

	<!--=Start findUser 根据岗位名和密码查找用户 -->
	<select id="findquarters" resultType="com.wyait.manage.pojo.Quarters">
		select
		id, name, deptno,
		introduce, version 
		from quarters
		WHERE name=#{name} 
		
	</select>
	<!--=End findUser 根据岗位名和查找用户 -->
	<!--=Start findUserByMobile 根据部门编号获取用户数据 -->
	<select id="findquartersBydept" resultType="com.wyait.manage.pojo.Quarters">
		select
		id, name, deptno,
		introduce, version 
		from quarters
		where deptno=#{deptno} 
	</select>
	<!--=End findUserByMobile 根据部门编号查找用户 -->
	<!--=Start findUserByName 根据岗位名获取用户数据 -->
	<select id="findquartersByname" resultType="com.wyait.manage.pojo.Quarters">
		select * 
		from quarters
		where name=#{name} 
	</select>
	<select id="getquartersAndRoles" resultType="com.wyait.manage.entity.QuartersRolesVO">
	 	select * 
		from quarters
		where id=#{id} 
	</select>
</mapper>