<?xml version="1.0" encoding="UTF-8" ?>
<!DOCTYPE mapper PUBLIC "-//mybatis.org//DTD Mapper 3.0//EN" "http://mybatis.org/dtd/mybatis-3-mapper.dtd" >

<!--
******************************************************************************
* 数据库表：TBL_LEAVE_AUDIT
* 表的名称：
* 对应实体：com.wyait.manage.service.pojo.TblLeaveAudit
* 开发日期：2019-02-28
* 技术服务：www.fwjava.com
******************************************************************************
-->
<mapper namespace="com.wyait.manage.dao.ITblLeaveAuditMapper">

    <!--
    **************************************************************************
    * 1.新增一条数据
    * 注: 根据Bean实体执行新增操作.
    **************************************************************************
    -->
    <insert id="getInsert"
            parameterType="com.wyait.manage.pojo.TblLeaveAudit">
    
            INSERT   /* getInsert+@com.mapper.TblLeaveAuditMapper.xml */ 
              INTO   TBL_LEAVE_AUDIT             /*  */ 
                    (
                     ID                          /* 审批编号 */ 
                    ,LEAVE_ID                    /* 请假编号与请假表对应 */ 
                    ,FLOW_NODE_ID                /* 节点编号 */ 
                    ,USER_ID                     /* 审批人编号 */ 
                    ,USER_NAME                   /* 审批人姓名 */ 
                    ,AUDIT_INFO                  /* 审批意见 */ 
                    ,AUDIT_DATE                  /* 审批日期 */ 
                    )
            VALUES  (
                     #{id}                       /* 审批编号 */ 
                    ,#{leaveId}                  /* 请假编号与请假表对应 */ 
                    ,#{flowNodeId}               /* 节点编号 */ 
                    ,#{userId}                   /* 审批人编号 */ 
                    ,#{userName}                 /* 审批人姓名 */ 
                    ,#{auditInfo}                /* 审批意见 */ 
                    ,#{auditDate}                /* 审批日期 */ 
                    )
         
    </insert>


    <!--
    **************************************************************************
    * 2.删除一条数据
    * 注: 根据Bean实体的主键ID执行删除操作.
    **************************************************************************
    -->
    <delete id="getDelete"
            parameterType="java.lang.Integer">
    
            DELETE   /* getDelete+@com.mapper.TblLeaveAuditMapper.xml */ 
              FROM   TBL_LEAVE_AUDIT       /*  */ 
             WHERE   ID = #{_parameter}    /* 审批编号 */ 
         
    </delete>


    <!--
    **************************************************************************
    * 3.变更一条数据
    * 注: 根据Bean实体的主键ID执行变更操作.
    **************************************************************************
    -->
    <update id="getUpdate"
            parameterType="com.wyait.manage.pojo.TblLeaveAudit">
    
            UPDATE   /* getUpdate+@com.mapper.TblLeaveAuditMapper.xml */ 
                     TBL_LEAVE_AUDIT                       /*  */ 
               SET   LEAVE_ID           = #{leaveId}       /* 请假编号与请假表对应 */ 
                    ,FLOW_NODE_ID       = #{flowNodeId}    /* 节点编号 */ 
                    ,USER_ID            = #{userId}        /* 审批人编号 */ 
                    ,USER_NAME          = #{userName}      /* 审批人姓名 */ 
                    ,AUDIT_INFO         = #{auditInfo}     /* 审批意见 */ 
                    ,AUDIT_DATE         = #{auditDate}     /* 审批日期 */ 
             WHERE   ID                 = #{id}            /* 审批编号 */ 
         
    </update>


    <!--
    **************************************************************************
    * 4.获取一个Bean实体
    * 注: 根据Bean实体的主键ID获取一个Bean实体.
    **************************************************************************
    -->
    <select id="getBean"
            parameterType="java.lang.Integer"
            resultType="com.wyait.manage.pojo.TblLeaveAudit">
    
            SELECT   /* getBean+@com.mapper.TblLeaveAuditMapper.xml */ 
                     tla.ID                  AS "id"            /* 审批编号 */ 
                    ,tla.LEAVE_ID            AS "leaveId"       /* 请假编号与请假表对应 */ 
                    ,tla.FLOW_NODE_ID        AS "flowNodeId"    /* 节点编号 */ 
                    ,tla.USER_ID             AS "userId"        /* 审批人编号 */ 
                    ,tla.USER_NAME           AS "userName"      /* 审批人姓名 */ 
                    ,tla.AUDIT_INFO          AS "auditInfo"     /* 审批意见 */ 
                    ,tla.AUDIT_DATE          AS "auditDate"     /* 审批日期 */ 
              FROM   TBL_LEAVE_AUDIT             tla            /*  */ 
             WHERE   tla.ID = #{_parameter}                     /* 审批编号 */ 
         
    </select>


    <!--
    **************************************************************************
    * 5.条件查询
    * 注: 支持多条件查询、模糊查询、日期比较查询等操作.
    **************************************************************************
    -->
    <select id="getList"
            parameterType="com.wyait.manage.pojo.TblLeaveAudit"
            resultType="com.wyait.manage.pojo.TblLeaveAudit">
    
            SELECT   /* getList+@com.mapper.TblLeaveAuditMapper.xml */ 
                     tla.ID                  AS "id"            /* 审批编号 */ 
                    ,tla.LEAVE_ID            AS "leaveId"       /* 请假编号与请假表对应 */ 
                    ,tla.FLOW_NODE_ID        AS "flowNodeId"    /* 节点编号 */ 
                    ,tla.USER_ID             AS "userId"        /* 审批人编号 */ 
                    ,tla.USER_NAME           AS "userName"      /* 审批人姓名 */ 
                    ,tla.AUDIT_INFO          AS "auditInfo"     /* 审批意见 */ 
                    ,tla.AUDIT_DATE          AS "auditDate"     /* 审批日期 */ 
              FROM   TBL_LEAVE_AUDIT             tla            /*  */ 
             WHERE   1 = 1
        
             <if test='id != null'>
               AND   tla.ID = #{id} /* 审批编号 */ 
             </if>
        
             <if test='leaveId != null'>
               AND   tla.LEAVE_ID = #{leaveId} /* 请假编号与请假表对应 */ 
             </if>
        
             <if test='flowNodeId != null'>
               AND   tla.FLOW_NODE_ID = #{flowNodeId} /* 节点编号 */ 
             </if>
        
             <if test='userId != null'>
               AND   tla.USER_ID = #{userId} /* 审批人编号 */ 
             </if>
        
             <if test='userName != null and userName != "" and userName != "null" and userName != "undefined"'>
               AND   tla.USER_NAME = #{userName} /* 审批人姓名 */ 
             </if>
        
             <if test='auditInfo != null and auditInfo != "" and auditInfo != "null" and auditInfo != "undefined"'>
               AND   tla.AUDIT_INFO = #{auditInfo} /* 审批意见 */ 
             </if>
        
             <if test='auditDate != null'>
               AND   date_format(tla.AUDIT_DATE ,'%Y-%m-%d') = #{auditDateChar} /* 审批日期 */ 
             </if>
         
         
         
             <!-- 常用自定义字段 -->             
             <if test='userNameLike != null and userNameLike != "" and userNameLike != "null" and userNameLike != "undefined"'>
               AND   tla.USER_NAME like concat('%',#{userNameLike},'%')  /* 审批人姓名(全模糊) */ 
             </if>
             
             <if test='auditInfoLike != null and auditInfoLike != "" and auditInfoLike != "null" and auditInfoLike != "undefined"'>
               AND   tla.AUDIT_INFO like concat('%',#{auditInfoLike},'%')  /* 审批意见(全模糊) */ 
             </if>
             
             <if test='auditDateBegin != null and auditDateBegin != "" and auditDateBegin != "null" and auditDateBegin != "undefined"'>
               AND   date_format(tla.AUDIT_DATE ,'%Y-%m-%d') <![CDATA[>=]]> #{auditDateBegin}  /* 审批日期(起始日期) */ 
             </if>
             
             <if test='auditDateEnd != null and auditDateEnd != "" and auditDateEnd != "null" and auditDateEnd != "undefined"'>
               AND   date_format(tla.AUDIT_DATE ,'%Y-%m-%d') <![CDATA[<=]]> #{auditDateEnd}  /* 审批日期(结束日期) */ 
             </if>
             <!-- /常用自定义字段 -->
         
             <if test='orderBy != null and orderBy != ""'>
               ORDER BY   ${orderBy}  /* 排序 */ 
             </if>
         
    </select>


    <!--
    **************************************************************************
    * 6.分页查询
    * 注: 支持分页查询、多条件查询、模糊查询、日期比较查询等操作.
    **************************************************************************
    -->
    <select id="getPageList"
            parameterType="java.util.HashMap"
            resultType="com.wyait.manage.pojo.TblLeaveAudit">
    
            SELECT   /* getPageList+@com.mapper.TblLeaveAuditMapper.xml */ 
                     tla.ID                  AS "id"            /* 审批编号 */ 
                    ,tla.LEAVE_ID            AS "leaveId"       /* 请假编号与请假表对应 */ 
                    ,tla.FLOW_NODE_ID        AS "flowNodeId"    /* 节点编号 */ 
                    ,tla.USER_ID             AS "userId"        /* 审批人编号 */ 
                    ,tla.USER_NAME           AS "userName"      /* 审批人姓名 */ 
                    ,tla.AUDIT_INFO          AS "auditInfo"     /* 审批意见 */ 
                    ,tla.AUDIT_DATE          AS "auditDate"     /* 审批日期 */ 
              FROM   TBL_LEAVE_AUDIT             tla            /*  */ 
             WHERE   1 = 1
         
             <if test='bean != null'>
        
             <if test='bean.id != null'>
               AND   tla.ID = #{bean.id} /* 审批编号 */ 
             </if>
        
             <if test='bean.leaveId != null'>
               AND   tla.LEAVE_ID = #{bean.leaveId} /* 请假编号与请假表对应 */ 
             </if>
        
             <if test='bean.flowNodeId != null'>
               AND   tla.FLOW_NODE_ID = #{bean.flowNodeId} /* 节点编号 */ 
             </if>
        
             <if test='bean.userId != null'>
               AND   tla.USER_ID = #{bean.userId} /* 审批人编号 */ 
             </if>
        
             <if test='bean.userName != null and bean.userName != "" and bean.userName != "null" and bean.userName != "undefined"'>
               AND   tla.USER_NAME = #{bean.userName} /* 审批人姓名 */ 
             </if>
        
             <if test='bean.auditInfo != null and bean.auditInfo != "" and bean.auditInfo != "null" and bean.auditInfo != "undefined"'>
               AND   tla.AUDIT_INFO = #{bean.auditInfo} /* 审批意见 */ 
             </if>
        
             <if test='bean.auditDate != null'>
               AND   date_format(tla.AUDIT_DATE ,'%Y-%m-%d') = #{bean.auditDateChar} /* 审批日期 */ 
             </if>
         
         
         
             <!-- 常用自定义字段 -->             
             <if test='bean.userNameLike != null and bean.userNameLike != "" and bean.userNameLike != "null" and bean.userNameLike != "undefined"'>
               AND   tla.USER_NAME like concat('%',#{bean.userNameLike},'%')  /* 审批人姓名(全模糊) */ 
             </if>
             
             <if test='bean.auditInfoLike != null and bean.auditInfoLike != "" and bean.auditInfoLike != "null" and bean.auditInfoLike != "undefined"'>
               AND   tla.AUDIT_INFO like concat('%',#{bean.auditInfoLike},'%')  /* 审批意见(全模糊) */ 
             </if>
             
             <if test='bean.auditDateBegin != null and bean.auditDateBegin != "" and bean.auditDateBegin != "null" and bean.auditDateBegin != "undefined"'>
               AND   date_format(tla.AUDIT_DATE ,'%Y-%m-%d') <![CDATA[>=]]> #{bean.auditDateBegin}  /* 审批日期(起始日期) */ 
             </if>
             
             <if test='bean.auditDateEnd != null and bean.auditDateEnd != "" and bean.auditDateEnd != "null" and bean.auditDateEnd != "undefined"'>
               AND   date_format(tla.AUDIT_DATE ,'%Y-%m-%d') <![CDATA[<=]]> #{bean.auditDateEnd}  /* 审批日期(结束日期) */ 
             </if>
             <!-- /常用自定义字段 -->
         
             <if test='bean.orderBy != null and bean.orderBy != ""'>
               ORDER BY   ${bean.orderBy}  /* 排序 */ 
             </if>
             
             </if>
             
             <!-- 分页条 -->
             LIMIT #{offset} ,#{rows}
             <!-- /分页条 -->
         
    </select>


    <!--
    **************************************************************************
    * 7.删除一条数据
    * 注: 根据Bean实体的主键ID执行删除操作.
    **************************************************************************
    -->
    <delete id="getDeleteBean"
            parameterType="com.wyait.manage.pojo.TblLeaveAudit">
    
            DELETE   /* getDeleteBean+@com.mapper.TblLeaveAuditMapper.xml */ 
              FROM   TBL_LEAVE_AUDIT    /*  */ 
             WHERE   ID = #{id}         /* 审批编号 */ 
         
    </delete>


    <!--
    **************************************************************************
    * 8.删除多条数据
    * 注: 根据拼接有限个主键ID执行多条数据的删除操作.
    **************************************************************************
    -->
    <delete id="getDeleteIn"
            parameterType="java.lang.Integer">
    
            DELETE   /* getDeleteIn+@com.mapper.TblLeaveAuditMapper.xml */ 
              FROM   TBL_LEAVE_AUDIT   /*  */ 
             WHERE   ID in             /* 审批编号 */ 
             <foreach  collection="array" item="item" open="(" separator="," close=")">
             		#{item}
             </foreach>
         
    </delete>


    <!--
    **************************************************************************
    * 9.条件删除数据
    * 注: 根据多种条件执行批量删除操作.
    **************************************************************************
    -->
    <delete id="getDeleteBy"
            parameterType="com.wyait.manage.pojo.TblLeaveAudit">
    
            DELETE   /* getDeleteBy+@com.mapper.TblLeaveAuditMapper.xml */ 
              FROM   TBL_LEAVE_AUDIT  /*  */ 
             WHERE   1 = 1
        
             <if test='id != null'>
               AND   ID = #{id} /* 审批编号 */ 
             </if>
        
             <if test='leaveId != null'>
               AND   LEAVE_ID = #{leaveId} /* 请假编号与请假表对应 */ 
             </if>
        
             <if test='flowNodeId != null'>
               AND   FLOW_NODE_ID = #{flowNodeId} /* 节点编号 */ 
             </if>
        
             <if test='userId != null'>
               AND   USER_ID = #{userId} /* 审批人编号 */ 
             </if>
        
             <if test='userName != null and userName != "" and userName != "null" and userName != "undefined"'>
               AND   USER_NAME = #{userName} /* 审批人姓名 */ 
             </if>
        
             <if test='auditInfo != null and auditInfo != "" and auditInfo != "null" and auditInfo != "undefined"'>
               AND   AUDIT_INFO = #{auditInfo} /* 审批意见 */ 
             </if>
        
             <if test='auditDate != null'>
               AND   date_format(AUDIT_DATE ,'%Y-%m-%d') = #{auditDateChar} /* 审批日期 */ 
             </if>
         
         
         
             <!-- 常用自定义字段 -->             
             <if test='userNameLike != null and userNameLike != "" and userNameLike != "null" and userNameLike != "undefined"'>
               AND   USER_NAME like concat('%',#{userNameLike},'%')  /* 审批人姓名(全模糊) */ 
             </if>
             
             <if test='auditInfoLike != null and auditInfoLike != "" and auditInfoLike != "null" and auditInfoLike != "undefined"'>
               AND   AUDIT_INFO like concat('%',#{auditInfoLike},'%')  /* 审批意见(全模糊) */ 
             </if>
             
             <if test='auditDateBegin != null and auditDateBegin != "" and auditDateBegin != "null" and auditDateBegin != "undefined"'>
               AND   date_format(AUDIT_DATE ,'%Y-%m-%d') <![CDATA[>=]]> #{auditDateBegin}  /* 审批日期(起始日期) */ 
             </if>
             
             <if test='auditDateEnd != null and auditDateEnd != "" and auditDateEnd != "null" and auditDateEnd != "undefined"'>
               AND   date_format(AUDIT_DATE ,'%Y-%m-%d') <![CDATA[<=]]> #{auditDateEnd}  /* 审批日期(结束日期) */ 
             </if>
             <!-- /常用自定义字段 -->
         
         
    </delete>


    <!--
    **************************************************************************
    * 10.验证一条数据是否存在
    * 注: 根据主键ID验证该数据是否存在 ,并返回数据量.
    **************************************************************************
    -->
    <select id="getCheck"
            parameterType="java.lang.Integer"
            resultType="java.lang.Integer">
    
            SELECT   /* getCheck+@com.mapper.TblLeaveAuditMapper.xml */ 
                     count(1)
              FROM   TBL_LEAVE_AUDIT         /*  */ 
             WHERE   ID = #{_parameter}      /* 审批编号 */ 
         
    </select>


    <!--
    **************************************************************************
    * 11.验证多条件数据是否存在
    * 注: 根据多条件验证该数据是否存在 ,并返回数据量.
    **************************************************************************
    -->
    <select id="getCheckBy"
            parameterType="com.wyait.manage.pojo.TblLeaveAudit"
            resultType="java.lang.Integer">
    
            SELECT   /* getCheckBy+@com.mapper.TblLeaveAuditMapper.xml */ 
                     count(1)
              FROM   TBL_LEAVE_AUDIT  /*  */ 
             WHERE   1 = 1
        
             <if test='id != null'>
               AND   ID = #{id} /* 审批编号 */ 
             </if>
        
             <if test='leaveId != null'>
               AND   LEAVE_ID = #{leaveId} /* 请假编号与请假表对应 */ 
             </if>
        
             <if test='flowNodeId != null'>
               AND   FLOW_NODE_ID = #{flowNodeId} /* 节点编号 */ 
             </if>
        
             <if test='userId != null'>
               AND   USER_ID = #{userId} /* 审批人编号 */ 
             </if>
        
             <if test='userName != null and userName != "" and userName != "null" and userName != "undefined"'>
               AND   USER_NAME = #{userName} /* 审批人姓名 */ 
             </if>
        
             <if test='auditInfo != null and auditInfo != "" and auditInfo != "null" and auditInfo != "undefined"'>
               AND   AUDIT_INFO = #{auditInfo} /* 审批意见 */ 
             </if>
        
             <if test='auditDate != null'>
               AND   date_format(AUDIT_DATE ,'%Y-%m-%d') = #{auditDateChar} /* 审批日期 */ 
             </if>
         
         
         
             <!-- 常用自定义字段 -->             
             <if test='userNameLike != null and userNameLike != "" and userNameLike != "null" and userNameLike != "undefined"'>
               AND   USER_NAME like concat('%',#{userNameLike},'%')  /* 审批人姓名(全模糊) */ 
             </if>
             
             <if test='auditInfoLike != null and auditInfoLike != "" and auditInfoLike != "null" and auditInfoLike != "undefined"'>
               AND   AUDIT_INFO like concat('%',#{auditInfoLike},'%')  /* 审批意见(全模糊) */ 
             </if>
             
             <if test='auditDateBegin != null and auditDateBegin != "" and auditDateBegin != "null" and auditDateBegin != "undefined"'>
               AND   date_format(AUDIT_DATE ,'%Y-%m-%d') <![CDATA[>=]]> #{auditDateBegin}  /* 审批日期(起始日期) */ 
             </if>
             
             <if test='auditDateEnd != null and auditDateEnd != "" and auditDateEnd != "null" and auditDateEnd != "undefined"'>
               AND   date_format(AUDIT_DATE ,'%Y-%m-%d') <![CDATA[<=]]> #{auditDateEnd}  /* 审批日期(结束日期) */ 
             </if>
             <!-- /常用自定义字段 -->
         
    </select>


    <!--
    **************************************************************************
    * 12.按条件变更一条数据
    * 注: 根据Bean实体的主键ID,只对部分字段执行变更操作.
    **************************************************************************
    -->
    <update id="getUpdateBy"
            parameterType="com.wyait.manage.pojo.TblLeaveAudit">
    
            UPDATE   /* getUpdateBy+@com.mapper.TblLeaveAuditMapper.xml */ 
                     TBL_LEAVE_AUDIT                       /*  */ 
               SET   ID                 = #{id}            /* 审批编号 */ 
                     <if test='leaveId != null'>
                    ,LEAVE_ID           = #{leaveId}       /* 请假编号与请假表对应 */ 
                     </if>
                     <if test='flowNodeId != null'>
                    ,FLOW_NODE_ID       = #{flowNodeId}    /* 节点编号 */ 
                     </if>
                     <if test='userId != null'>
                    ,USER_ID            = #{userId}        /* 审批人编号 */ 
                     </if>
                     <if test='userName != null and userName != "" and userName != "null" and userName != "undefined"'>
                    ,USER_NAME          = #{userName}      /* 审批人姓名 */ 
                     </if>
                     <if test='auditInfo != null and auditInfo != "" and auditInfo != "null" and auditInfo != "undefined"'>
                    ,AUDIT_INFO         = #{auditInfo}     /* 审批意见 */ 
                     </if>
                     <if test='auditDate != null'>
                    ,AUDIT_DATE         = #{auditDate}     /* 审批日期 */ 
                     </if>
             WHERE   ID                 = #{id}            /* 审批编号 */ 
         
    </update>


    <!--
    **************************************************************************
    * 13.InsertBatch - 批量新增数据
    * 注: 根据List对象执行批量新增操作.
    **************************************************************************
    -->
    <insert id="getInsertBatch"
            parameterType="java.util.List">
    
            INSERT   /* getInsertBatch+@com.mapper.TblLeaveAuditMapper.xml */ 
              INTO   TBL_LEAVE_AUDIT            /*  */ 
                    (
                     ID                         /* 审批编号 */ 
                    ,LEAVE_ID                   /* 请假编号与请假表对应 */ 
                    ,FLOW_NODE_ID               /* 节点编号 */ 
                    ,USER_ID                    /* 审批人编号 */ 
                    ,USER_NAME                  /* 审批人姓名 */ 
                    ,AUDIT_INFO                 /* 审批意见 */ 
                    ,AUDIT_DATE                 /* 审批日期 */ 
                    )
            VALUES  
            <foreach collection="list" item="item" index="index" separator=",">
                   (
                     #{item.id}                 /* 审批编号 */ 
                    ,#{item.leaveId}            /* 请假编号与请假表对应 */ 
                    ,#{item.flowNodeId}         /* 节点编号 */ 
                    ,#{item.userId}             /* 审批人编号 */ 
                    ,#{item.userName}           /* 审批人姓名 */ 
                    ,#{item.auditInfo}          /* 审批意见 */ 
                    ,#{item.auditDate}          /* 审批日期 */ 
                    )
            </foreach>
         
    </insert>


    <!--
    **************************************************************************
    * 14.UpdateBatch - 批量更新数据
    * 注: 根据List对象执行批量更新操作.
    **************************************************************************
    -->
    <update id="getUpdateBatch"
            parameterType="java.util.List">
    
            <foreach collection="list" item="item" index="index" separator=";">
            UPDATE   /* getUpdateBatch+@com.mapper.TblLeaveAuditMapper.xml */ 
                     TBL_LEAVE_AUDIT                          /*  */ 
               SET   ID              = #{item.id}             /* 审批编号 */ 
                     <if test='item.leaveId != null'>
                    ,LEAVE_ID        = #{item.leaveId}        /* 请假编号与请假表对应 */ 
                     </if>
                     <if test='item.flowNodeId != null'>
                    ,FLOW_NODE_ID    = #{item.flowNodeId}     /* 节点编号 */ 
                     </if>
                     <if test='item.userId != null'>
                    ,USER_ID         = #{item.userId}         /* 审批人编号 */ 
                     </if>
                     <if test='item.userName != null and item.userName != "" and item.userName != "null" and item.userName != "undefined"'>
                    ,USER_NAME       = #{item.userName}       /* 审批人姓名 */ 
                     </if>
                     <if test='item.auditInfo != null and item.auditInfo != "" and item.auditInfo != "null" and item.auditInfo != "undefined"'>
                    ,AUDIT_INFO      = #{item.auditInfo}      /* 审批意见 */ 
                     </if>
                     <if test='item.auditDate != null'>
                    ,AUDIT_DATE      = #{item.auditDate}      /* 审批日期 */ 
                     </if>
             WHERE   ID              = #{item.id}             /* 审批编号 */ 
            </foreach>
         
    </update>


</mapper>