<?xml version="1.0" encoding="UTF-8" ?>
<!DOCTYPE mapper PUBLIC "-//mybatis.org//DTD Mapper 3.0//EN" "http://mybatis.org/dtd/mybatis-3-mapper.dtd" >

<!--
******************************************************************************
* 数据库表：VACATE
* 表的名称：
* 对应实体：com.entity.Vacate
* 开发日期：2019-02-26
* 技术服务：www.fwjava.com
******************************************************************************
-->
<mapper namespace="com.wyait.manage.dao.VacateMapper">

    <insert id="getInsert"
            parameterType="Vacate">
    
            INSERT   /* getInsert+@com.mapper.VacateMapper.xml */ 
              INTO   VACATE                   /*  */ 
                    (
                ID,
                NAME                     /* 请假人姓名 */
                    ,TYPE                     /* 请假类型 */ 
                    ,REASON                   /* 请假原因 */ 
                    ,STARTTIME                /* 开始日期 */ 
                    ,ENDTIME                  /* 结束日期 */ 
                    ,TEL                      /*  */
                    ,ADD_DATE                 /* 提交请假单时间 */ 
                    )
            VALUES  (
                    #{id},
                    #{name}                  /* 请假人姓名 */
                    ,#{type}                  /* 请假类型 */ 
                    ,#{reason}                /* 请假原因 */ 
                    ,#{starttime}             /* 开始日期 */ 
                    ,#{endtime}               /* 结束日期 */ 
                    ,#{tel}                   /*  */
                    ,#{addDate}               /* 提交请假单时间 */ 
                    )
         
    </insert>
    <select id="selectVacate" resultType="Vacate" parameterType="Vacate">
        select * from vacate where id=#{id}
    </select>

    <!--
    **************************************************************************
    * 2.删除一条数据
    * 注: 根据Bean实体的主键ID执行删除操作.
    **************************************************************************
    -->
    <delete id="getDelete"
            parameterType="java.lang.Integer">
    
            DELETE   /* getDelete+@com.mapper.VacateMapper.xml */ 
              FROM   VACATE                /*  */ 
             WHERE   ID = #{_parameter}    /* 请假编号 */ 
         
    </delete>


    <!--
    **************************************************************************
    * 3.变更一条数据
    * 注: 根据Bean实体的主键ID执行变更操作.
    **************************************************************************
    -->
    <!--提交申请同时修改当前节点为下一个节点并且当前状态调整为1 默认为0 代表已提交审批-->
    <update id="updateStaAndNode"
            parameterType="Vacate">
update vacate set current_node=
(select next_node_id from tbl_flow_line where flow_no=#{flowNo} and prev_node_id=#{currentNode}),
status=#{status}+1
where id=#{id};
    </update>


    <!--
    **************************************************************************
    * 4.获取一个Bean实体
    * 注: 根据Bean实体的主键ID获取一个Bean实体.
    **************************************************************************
    -->
    <select id="getBean"
            parameterType="java.lang.Integer"
            resultType="Vacate">
    
            SELECT   /* getBean+@com.mapper.VacateMapper.xml */ 
                     v.ID               AS "id"             /* 请假编号 */ 
                    ,v.NAME             AS "name"           /* 请假人姓名 */ 
                    ,v.TYPE             AS "type"           /* 请假类型 */ 
                    ,v.REASON           AS "reason"         /* 请假原因 */ 
                    ,v.STARTTIME        AS "starttime"      /* 开始日期 */ 
                    ,v.ENDTIME          AS "endtime"        /* 结束日期 */ 
                    ,v.TEL              AS "tel"            /*  */ 
                    ,v.STATUS           AS "status"         /* 请假单状态0表示草稿1表示已经提交审批2表示审批结束 */ 
                    ,v.FLOW_NO          AS "flowNo"         /* 流程号 */ 
                    ,v.CURRENT_NODE     AS "currentNode"    /* 当前节点编号 */ 
                    ,v.ADD_DATE         AS "addDate"        /* 提交请假单时间 */ 
              FROM   VACATE                 v               /*  */ 
             WHERE   v.ID = #{_parameter}                   /* 请假编号 */ 
         
    </select>


    <!--
    **************************************************************************
    * 5.条件查询
    * 注: 支持多条件查询、模糊查询、日期比较查询等操作.
    **************************************************************************
    -->
    <select id="getList"
            parameterType="Vacate"
            resultType="Vacate">

        SELECT /* getList+@com.mapper.VacateMapper.xml */
        v.ID AS "id" /* 请假编号 */
        ,v.NAME AS "name" /* 请假人姓名 */
        ,v.TYPE AS "type" /* 请假类型 */
        ,v.REASON AS "reason" /* 请假原因 */
        ,v.STARTTIME AS "starttime" /* 开始日期 */
        ,v.ENDTIME AS "endtime" /* 结束日期 */
        ,v.TEL AS "tel" /* */
        ,v.STATUS AS "status" /* 请假单状态0表示草稿1表示已经提交审批2表示审批结束 */
        ,v.FLOW_NO AS "flowNo" /* 流程号 */
        ,v.CURRENT_NODE AS "currentNode" /* 当前节点编号 */
        ,v.ADD_DATE AS "addDate" /* 提交请假单时间 */
        FROM VACATE v /* */
        WHERE 1 = 1

        <if test='id != null'>
            AND v.ID = #{id} /* 请假编号 */
        </if>

        <if test='name != null and name != "" and name != "null" and name != "undefined"'>
            AND v.NAME = #{name} /* 请假人姓名 */
        </if>

        <if test='type != null and type != "" and type != "null" and type != "undefined"'>
            AND v.TYPE = #{type} /* 请假类型 */
        </if>

        <if test='reason != null and reason != "" and reason != "null" and reason != "undefined"'>
            AND v.REASON = #{reason} /* 请假原因 */
        </if>

        <if test='starttime != null and starttime != "" and starttime != "null" and starttime != "undefined"'>
            AND v.STARTTIME = #{starttime} /* 开始日期 */
        </if>

        <if test='endtime != null and endtime != "" and endtime != "null" and endtime != "undefined"'>
            AND v.ENDTIME = #{endtime} /* 结束日期 */
        </if>

        <if test='tel != null and tel != "" and tel != "null" and tel != "undefined"'>
            AND v.TEL = #{tel} /* */
        </if>

        <if test='status != null'>
            AND v.STATUS = #{status} /* 请假单状态0表示草稿1表示已经提交审批2表示审批结束 */
        </if>

        <if test='flowNo != null'>
            AND v.FLOW_NO = #{flowNo} /* 流程号 */
        </if>

        <if test='currentNode != null'>
            AND v.CURRENT_NODE = #{currentNode} /* 当前节点编号 */
        </if>

        <if test='addDate != null and addDate != "" and addDate != "null" and addDate != "undefined"'>
            AND v.ADD_DATE = #{addDate} /* 提交请假单时间 */
        </if>


        <!-- 常用自定义字段 -->
        <if test='nameLike != null and nameLike != "" and nameLike != "null" and nameLike != "undefined"'>
            AND v.NAME like concat('%',#{nameLike},'%') /* 请假人姓名(全模糊) */
        </if>

        <if test='typeLike != null and typeLike != "" and typeLike != "null" and typeLike != "undefined"'>
            AND v.TYPE like concat('%',#{typeLike},'%') /* 请假类型(全模糊) */
        </if>

        <if test='reasonLike != null and reasonLike != "" and reasonLike != "null" and reasonLike != "undefined"'>
            AND v.REASON like concat('%',#{reasonLike},'%') /* 请假原因(全模糊) */
        </if>

        <if test='starttimeLike != null and starttimeLike != "" and starttimeLike != "null" and starttimeLike != "undefined"'>
            AND v.STARTTIME like concat('%',#{starttimeLike},'%') /* 开始日期(全模糊) */
        </if>

        <if test='endtimeLike != null and endtimeLike != "" and endtimeLike != "null" and endtimeLike != "undefined"'>
            AND v.ENDTIME like concat('%',#{endtimeLike},'%') /* 结束日期(全模糊) */
        </if>

        <if test='telLike != null and telLike != "" and telLike != "null" and telLike != "undefined"'>
            AND v.TEL like concat('%',#{telLike},'%') /* (全模糊) */
        </if>

        <if test='addDateLike != null and addDateLike != "" and addDateLike != "null" and addDateLike != "undefined"'>
            AND v.ADD_DATE like concat('%',#{addDateLike},'%') /* 提交请假单时间(全模糊) */
        </if>
        <!-- /常用自定义字段 -->

        <if test='orderBy != null and orderBy != ""'>
            ORDER BY ${orderBy} /* 排序 */
        </if>

    </select>


    <!--
    **************************************************************************
    * 6.分页查询
    * 注: 支持分页查询、多条件查询、模糊查询、日期比较查询等操作.
    **************************************************************************
    -->
    <select id="getPageList"
            parameterType="java.util.HashMap"
            resultType="Vacate">

        SELECT /* getPageList+@com.mapper.VacateMapper.xml */
        v.ID AS "id" /* 请假编号 */
        ,v.NAME AS "name" /* 请假人姓名 */
        ,v.TYPE AS "type" /* 请假类型 */
        ,v.REASON AS "reason" /* 请假原因 */
        ,v.STARTTIME AS "starttime" /* 开始日期 */
        ,v.ENDTIME AS "endtime" /* 结束日期 */
        ,v.TEL AS "tel" /* */
        ,v.STATUS AS "status" /* 请假单状态0表示草稿1表示已经提交审批2表示审批结束 */
        ,v.FLOW_NO AS "flowNo" /* 流程号 */
        ,v.CURRENT_NODE AS "currentNode" /* 当前节点编号 */
        ,v.ADD_DATE AS "addDate" /* 提交请假单时间 */
        FROM VACATE v /* */
        WHERE 1 = 1

        <if test='bean != null'>

            <if test='bean.id != null'>
                AND v.ID = #{bean.id} /* 请假编号 */
            </if>

            <if test='bean.name != null and bean.name != "" and bean.name != "null" and bean.name != "undefined"'>
                AND v.NAME = #{bean.name} /* 请假人姓名 */
            </if>

            <if test='bean.type != null and bean.type != "" and bean.type != "null" and bean.type != "undefined"'>
                AND v.TYPE = #{bean.type} /* 请假类型 */
            </if>

            <if test='bean.reason != null and bean.reason != "" and bean.reason != "null" and bean.reason != "undefined"'>
                AND v.REASON = #{bean.reason} /* 请假原因 */
            </if>

            <if test='bean.starttime != null and bean.starttime != "" and bean.starttime != "null" and bean.starttime != "undefined"'>
                AND v.STARTTIME = #{bean.starttime} /* 开始日期 */
            </if>

            <if test='bean.endtime != null and bean.endtime != "" and bean.endtime != "null" and bean.endtime != "undefined"'>
                AND v.ENDTIME = #{bean.endtime} /* 结束日期 */
            </if>

            <if test='bean.tel != null and bean.tel != "" and bean.tel != "null" and bean.tel != "undefined"'>
                AND v.TEL = #{bean.tel} /* */
            </if>

            <if test='bean.status != null'>
                AND v.STATUS = #{bean.status} /* 请假单状态0表示草稿1表示已经提交审批2表示审批结束 */
            </if>

            <if test='bean.flowNo != null'>
                AND v.FLOW_NO = #{bean.flowNo} /* 流程号 */
            </if>

            <if test='bean.currentNode != null'>
                AND v.CURRENT_NODE = #{bean.currentNode} /* 当前节点编号 */
            </if>

            <if test='bean.addDate != null and bean.addDate != "" and bean.addDate != "null" and bean.addDate != "undefined"'>
                AND v.ADD_DATE = #{bean.addDate} /* 提交请假单时间 */
            </if>


            <!-- 常用自定义字段 -->
            <if test='bean.nameLike != null and bean.nameLike != "" and bean.nameLike != "null" and bean.nameLike != "undefined"'>
                AND v.NAME like concat('%',#{bean.nameLike},'%') /* 请假人姓名(全模糊) */
            </if>

            <if test='bean.typeLike != null and bean.typeLike != "" and bean.typeLike != "null" and bean.typeLike != "undefined"'>
                AND v.TYPE like concat('%',#{bean.typeLike},'%') /* 请假类型(全模糊) */
            </if>

            <if test='bean.reasonLike != null and bean.reasonLike != "" and bean.reasonLike != "null" and bean.reasonLike != "undefined"'>
                AND v.REASON like concat('%',#{bean.reasonLike},'%') /* 请假原因(全模糊) */
            </if>

            <if test='bean.starttimeLike != null and bean.starttimeLike != "" and bean.starttimeLike != "null" and bean.starttimeLike != "undefined"'>
                AND v.STARTTIME like concat('%',#{bean.starttimeLike},'%') /* 开始日期(全模糊) */
            </if>

            <if test='bean.endtimeLike != null and bean.endtimeLike != "" and bean.endtimeLike != "null" and bean.endtimeLike != "undefined"'>
                AND v.ENDTIME like concat('%',#{bean.endtimeLike},'%') /* 结束日期(全模糊) */
            </if>

            <if test='bean.telLike != null and bean.telLike != "" and bean.telLike != "null" and bean.telLike != "undefined"'>
                AND v.TEL like concat('%',#{bean.telLike},'%') /* (全模糊) */
            </if>

            <if test='bean.addDateLike != null and bean.addDateLike != "" and bean.addDateLike != "null" and bean.addDateLike != "undefined"'>
                AND v.ADD_DATE like concat('%',#{bean.addDateLike},'%') /* 提交请假单时间(全模糊) */
            </if>
            <!-- /常用自定义字段 -->

            <if test='bean.orderBy != null and bean.orderBy != ""'>
                ORDER BY ${bean.orderBy} /* 排序 */
            </if>

        </if>

        <!-- 分页条 -->
        LIMIT #{offset} ,#{rows}
        <!-- /分页条 -->

    </select>


    <!--
    **************************************************************************
    * 7.删除一条数据
    * 注: 根据Bean实体的主键ID执行删除操作.
    **************************************************************************
    -->
    <delete id="getDeleteBean"
            parameterType="Vacate">
    
            DELETE   /* getDeleteBean+@com.mapper.VacateMapper.xml */ 
              FROM   VACATE       /*  */ 
             WHERE   ID = #{id}   /* 请假编号 */ 
         
    </delete>


    <!--
    **************************************************************************
    * 8.删除多条数据
    * 注: 根据拼接有限个主键ID执行多条数据的删除操作.
    **************************************************************************
    -->
    <delete id="getDeleteIn"
            parameterType="java.lang.Integer">

        DELETE /* getDeleteIn+@com.mapper.VacateMapper.xml */
        FROM VACATE /* */
        WHERE ID in /* 请假编号 */
        <foreach collection="array" item="item" open="(" separator="," close=")">
            #{item}
        </foreach>

    </delete>


    <!--
    **************************************************************************
    * 9.条件删除数据
    * 注: 根据多种条件执行批量删除操作.
    **************************************************************************
    -->
    <delete id="getDeleteBy"
            parameterType="Vacate">

        DELETE /* getDeleteBy+@com.mapper.VacateMapper.xml */
        FROM VACATE /* */
        WHERE 1 = 1

        <if test='id != null'>
            AND ID = #{id} /* 请假编号 */
        </if>

        <if test='name != null and name != "" and name != "null" and name != "undefined"'>
            AND NAME = #{name} /* 请假人姓名 */
        </if>

        <if test='type != null and type != "" and type != "null" and type != "undefined"'>
            AND TYPE = #{type} /* 请假类型 */
        </if>

        <if test='reason != null and reason != "" and reason != "null" and reason != "undefined"'>
            AND REASON = #{reason} /* 请假原因 */
        </if>

        <if test='starttime != null and starttime != "" and starttime != "null" and starttime != "undefined"'>
            AND STARTTIME = #{starttime} /* 开始日期 */
        </if>

        <if test='endtime != null and endtime != "" and endtime != "null" and endtime != "undefined"'>
            AND ENDTIME = #{endtime} /* 结束日期 */
        </if>

        <if test='tel != null and tel != "" and tel != "null" and tel != "undefined"'>
            AND TEL = #{tel} /* */
        </if>

        <if test='status != null'>
            AND STATUS = #{status} /* 请假单状态0表示草稿1表示已经提交审批2表示审批结束 */
        </if>

        <if test='flowNo != null'>
            AND FLOW_NO = #{flowNo} /* 流程号 */
        </if>

        <if test='currentNode != null'>
            AND CURRENT_NODE = #{currentNode} /* 当前节点编号 */
        </if>

        <if test='addDate != null and addDate != "" and addDate != "null" and addDate != "undefined"'>
            AND ADD_DATE = #{addDate} /* 提交请假单时间 */
        </if>


        <!-- 常用自定义字段 -->
        <if test='nameLike != null and nameLike != "" and nameLike != "null" and nameLike != "undefined"'>
            AND NAME like concat('%',#{nameLike},'%') /* 请假人姓名(全模糊) */
        </if>

        <if test='typeLike != null and typeLike != "" and typeLike != "null" and typeLike != "undefined"'>
            AND TYPE like concat('%',#{typeLike},'%') /* 请假类型(全模糊) */
        </if>

        <if test='reasonLike != null and reasonLike != "" and reasonLike != "null" and reasonLike != "undefined"'>
            AND REASON like concat('%',#{reasonLike},'%') /* 请假原因(全模糊) */
        </if>

        <if test='starttimeLike != null and starttimeLike != "" and starttimeLike != "null" and starttimeLike != "undefined"'>
            AND STARTTIME like concat('%',#{starttimeLike},'%') /* 开始日期(全模糊) */
        </if>

        <if test='endtimeLike != null and endtimeLike != "" and endtimeLike != "null" and endtimeLike != "undefined"'>
            AND ENDTIME like concat('%',#{endtimeLike},'%') /* 结束日期(全模糊) */
        </if>

        <if test='telLike != null and telLike != "" and telLike != "null" and telLike != "undefined"'>
            AND TEL like concat('%',#{telLike},'%') /* (全模糊) */
        </if>

        <if test='addDateLike != null and addDateLike != "" and addDateLike != "null" and addDateLike != "undefined"'>
            AND ADD_DATE like concat('%',#{addDateLike},'%') /* 提交请假单时间(全模糊) */
        </if>
        <!-- /常用自定义字段 -->


    </delete>


    <!--
    **************************************************************************
    * 10.验证一条数据是否存在
    * 注: 根据主键ID验证该数据是否存在 ,并返回数据量.
    **************************************************************************
    -->
    <select id="getCheck"
            parameterType="java.lang.Integer"
            resultType="java.lang.Integer">
    
            SELECT   /* getCheck+@com.mapper.VacateMapper.xml */ 
                     count(1)
              FROM   VACATE                  /*  */ 
             WHERE   ID = #{_parameter}      /* 请假编号 */ 
         
    </select>


    <!--
    **************************************************************************
    * 11.验证多条件数据是否存在
    * 注: 根据多条件验证该数据是否存在 ,并返回数据量.
    **************************************************************************
    -->
    <select id="getCheckBy"
            parameterType="Vacate"
            resultType="java.lang.Integer">

        SELECT /* getCheckBy+@com.mapper.VacateMapper.xml */
        count(1)
        FROM VACATE /* */
        WHERE 1 = 1

        <if test='id != null'>
            AND ID = #{id} /* 请假编号 */
        </if>

        <if test='name != null and name != "" and name != "null" and name != "undefined"'>
            AND NAME = #{name} /* 请假人姓名 */
        </if>

        <if test='type != null and type != "" and type != "null" and type != "undefined"'>
            AND TYPE = #{type} /* 请假类型 */
        </if>

        <if test='reason != null and reason != "" and reason != "null" and reason != "undefined"'>
            AND REASON = #{reason} /* 请假原因 */
        </if>

        <if test='starttime != null and starttime != "" and starttime != "null" and starttime != "undefined"'>
            AND STARTTIME = #{starttime} /* 开始日期 */
        </if>

        <if test='endtime != null and endtime != "" and endtime != "null" and endtime != "undefined"'>
            AND ENDTIME = #{endtime} /* 结束日期 */
        </if>

        <if test='tel != null and tel != "" and tel != "null" and tel != "undefined"'>
            AND TEL = #{tel} /* */
        </if>

        <if test='status != null'>
            AND STATUS = #{status} /* 请假单状态0表示草稿1表示已经提交审批2表示审批结束 */
        </if>

        <if test='flowNo != null'>
            AND FLOW_NO = #{flowNo} /* 流程号 */
        </if>

        <if test='currentNode != null'>
            AND CURRENT_NODE = #{currentNode} /* 当前节点编号 */
        </if>

        <if test='addDate != null and addDate != "" and addDate != "null" and addDate != "undefined"'>
            AND ADD_DATE = #{addDate} /* 提交请假单时间 */
        </if>


        <!-- 常用自定义字段 -->
        <if test='nameLike != null and nameLike != "" and nameLike != "null" and nameLike != "undefined"'>
            AND NAME like concat('%',#{nameLike},'%') /* 请假人姓名(全模糊) */
        </if>

        <if test='typeLike != null and typeLike != "" and typeLike != "null" and typeLike != "undefined"'>
            AND TYPE like concat('%',#{typeLike},'%') /* 请假类型(全模糊) */
        </if>

        <if test='reasonLike != null and reasonLike != "" and reasonLike != "null" and reasonLike != "undefined"'>
            AND REASON like concat('%',#{reasonLike},'%') /* 请假原因(全模糊) */
        </if>

        <if test='starttimeLike != null and starttimeLike != "" and starttimeLike != "null" and starttimeLike != "undefined"'>
            AND STARTTIME like concat('%',#{starttimeLike},'%') /* 开始日期(全模糊) */
        </if>

        <if test='endtimeLike != null and endtimeLike != "" and endtimeLike != "null" and endtimeLike != "undefined"'>
            AND ENDTIME like concat('%',#{endtimeLike},'%') /* 结束日期(全模糊) */
        </if>

        <if test='telLike != null and telLike != "" and telLike != "null" and telLike != "undefined"'>
            AND TEL like concat('%',#{telLike},'%') /* (全模糊) */
        </if>

        <if test='addDateLike != null and addDateLike != "" and addDateLike != "null" and addDateLike != "undefined"'>
            AND ADD_DATE like concat('%',#{addDateLike},'%') /* 提交请假单时间(全模糊) */
        </if>
        <!-- /常用自定义字段 -->

    </select>


    <!--
    **************************************************************************
    * 12.按条件变更一条数据
    * 注: 根据Bean实体的主键ID,只对部分字段执行变更操作.
    **************************************************************************
    -->
    <update id="getUpdateBy"
            parameterType="Vacate">

        UPDATE /* getUpdateBy+@com.mapper.VacateMapper.xml */
        VACATE /* */
        SET ID = #{id} /* 请假编号 */
        <if test='name != null and name != "" and name != "null" and name != "undefined"'>
            ,NAME = #{name} /* 请假人姓名 */
        </if>
        <if test='type != null and type != "" and type != "null" and type != "undefined"'>
            ,TYPE = #{type} /* 请假类型 */
        </if>
        <if test='reason != null and reason != "" and reason != "null" and reason != "undefined"'>
            ,REASON = #{reason} /* 请假原因 */
        </if>
        <if test='starttime != null and starttime != "" and starttime != "null" and starttime != "undefined"'>
            ,STARTTIME = #{starttime} /* 开始日期 */
        </if>
        <if test='endtime != null and endtime != "" and endtime != "null" and endtime != "undefined"'>
            ,ENDTIME = #{endtime} /* 结束日期 */
        </if>
        <if test='tel != null and tel != "" and tel != "null" and tel != "undefined"'>
            ,TEL = #{tel} /* */
        </if>
        <if test='status != null'>
            ,STATUS = #{status} /* 请假单状态0表示草稿1表示已经提交审批2表示审批结束 */
        </if>
        <if test='flowNo != null'>
            ,FLOW_NO = #{flowNo} /* 流程号 */
        </if>
        <if test='currentNode != null'>
            ,CURRENT_NODE = #{currentNode} /* 当前节点编号 */
        </if>
        <if test='addDate != null and addDate != "" and addDate != "null" and addDate != "undefined"'>
            ,ADD_DATE = #{addDate} /* 提交请假单时间 */
        </if>
        WHERE ID = #{id} /* 请假编号 */

    </update>


    <!--
    **************************************************************************
    * 13.InsertBatch - 批量新增数据
    * 注: 根据List对象执行批量新增操作.
    **************************************************************************
    -->
    <insert id="getInsertBatch"
            parameterType="java.util.List">

        INSERT /* getInsertBatch+@com.mapper.VacateMapper.xml */
        INTO VACATE /* */
        (
        ID /* 请假编号 */
        ,NAME /* 请假人姓名 */
        ,TYPE /* 请假类型 */
        ,REASON /* 请假原因 */
        ,STARTTIME /* 开始日期 */
        ,ENDTIME /* 结束日期 */
        ,TEL /* */
        ,STATUS /* 请假单状态0表示草稿1表示已经提交审批2表示审批结束 */
        ,FLOW_NO /* 流程号 */
        ,CURRENT_NODE /* 当前节点编号 */
        ,ADD_DATE /* 提交请假单时间 */
        )
        VALUES
        <foreach collection="list" item="item" index="index" separator=",">
            (
            #{item.id} /* 请假编号 */
            ,#{item.name} /* 请假人姓名 */
            ,#{item.type} /* 请假类型 */
            ,#{item.reason} /* 请假原因 */
            ,#{item.starttime} /* 开始日期 */
            ,#{item.endtime} /* 结束日期 */
            ,#{item.tel} /* */
            ,#{item.status} /* 请假单状态0表示草稿1表示已经提交审批2表示审批结束 */
            ,#{item.flowNo} /* 流程号 */
            ,#{item.currentNode} /* 当前节点编号 */
            ,#{item.addDate} /* 提交请假单时间 */
            )
        </foreach>

    </insert>


    <!--
    **************************************************************************
    * 14.UpdateBatch - 批量更新数据
    * 注: 根据List对象执行批量更新操作.
    **************************************************************************
    -->
    <update id="getUpdateBatch"
            parameterType="java.util.List">

        <foreach collection="list" item="item" index="index" separator=";">
            UPDATE /* getUpdateBatch+@com.mapper.VacateMapper.xml */
            VACATE /* */
            SET ID = #{item.id} /* 请假编号 */
            <if test='item.name != null and item.name != "" and item.name != "null" and item.name != "undefined"'>
                ,NAME = #{item.name} /* 请假人姓名 */
            </if>
            <if test='item.type != null and item.type != "" and item.type != "null" and item.type != "undefined"'>
                ,TYPE = #{item.type} /* 请假类型 */
            </if>
            <if test='item.reason != null and item.reason != "" and item.reason != "null" and item.reason != "undefined"'>
                ,REASON = #{item.reason} /* 请假原因 */
            </if>
            <if test='item.starttime != null and item.starttime != "" and item.starttime != "null" and item.starttime != "undefined"'>
                ,STARTTIME = #{item.starttime} /* 开始日期 */
            </if>
            <if test='item.endtime != null and item.endtime != "" and item.endtime != "null" and item.endtime != "undefined"'>
                ,ENDTIME = #{item.endtime} /* 结束日期 */
            </if>
            <if test='item.tel != null and item.tel != "" and item.tel != "null" and item.tel != "undefined"'>
                ,TEL = #{item.tel} /* */
            </if>
            <if test='item.status != null'>
                ,STATUS = #{item.status} /* 请假单状态0表示草稿1表示已经提交审批2表示审批结束 */
            </if>
            <if test='item.flowNo != null'>
                ,FLOW_NO = #{item.flowNo} /* 流程号 */
            </if>
            <if test='item.currentNode != null'>
                ,CURRENT_NODE = #{item.currentNode} /* 当前节点编号 */
            </if>
            <if test='item.addDate != null and item.addDate != "" and item.addDate != "null" and item.addDate != "undefined"'>
                ,ADD_DATE = #{item.addDate} /* 提交请假单时间 */
            </if>
            WHERE ID = #{item.id} /* 请假编号 */
        </foreach>

    </update>


</mapper>